{
  "exp1_rmse": 0.022106307534217683,
  "exp2_rmse": 0.02260050484497667,
  "sphere_rmse": 0.13280467664284173,
  "cube_rmse": 0.14703351739886877,
  "ellipsoid_rmse": 0.053850076276759216,
  "sinusoid_rmse": 0.06219374041062569,
  "cone_rmse": 0.00043968803342569476,
  "saddle_rmse": 0.10157480314522886,
  "peaks_rmse": 0.0032607447399665714,
  "lights_sweep": {
    "m": [
      3,
      4,
      5,
      6,
      7,
      8,
      10,
      12,
      14,
      16,
      18,
      20
    ],
    "rmse": [
      0.042213256840587694,
      0.0425499595376106,
      0.042448491987011484,
      0.042463885695141104,
      0.04245535059829522,
      0.042459103626076154,
      0.0424683383606213,
      0.042469179214807466,
      0.042469454600787514,
      0.04246938576038283,
      0.042469950714634115,
      0.04246989330275769
    ],
    "ang_mean": [
      1.2295054514826071,
      1.21038705159215,
      1.173585502607019,
      1.1487871714580145,
      1.1394463898392364,
      1.1382352185032991,
      1.1371512785181155,
      1.1364430457215255,
      1.1361980919008692,
      1.1360627978071838,
      1.1360178404984747,
      1.1359859686294755
    ]
  },
  "noise_sweep": {
    "noise": [
      0.0,
      0.005,
      0.01,
      0.015,
      0.02,
      0.025,
      0.03,
      0.04,
      0.05,
      0.06,
      0.07,
      0.08
    ],
    "rmse": [
      0.042459103626076154,
      0.04286923203981884,
      0.04313967151939084,
      0.04379108635381222,
      0.04429710820612488,
      0.04442522662181991,
      0.04511597360571818,
      0.046318167114657395,
      0.04705175029248608,
      0.04869126189513,
      0.049144198081170806,
      0.05031627212985794
    ],
    "ang_mean": [
      1.1382352185032991,
      1.324646891477239,
      1.528917298552201,
      1.739970750680422,
      1.9487140360287056,
      2.1656958142355105,
      2.3747511720264134,
      2.804719646918547,
      3.270550758267181,
      3.71240320463507,
      4.153811643230847,
      4.614238689748576
    ]
  },
  "solver_comparison": {
    "fft_rmse": 0.042459103626076154,
    "fd_dirichlet_rmse": 0.026560840413372,
    "fd_neumann_rmse": 0.28760042365897615,
    "sparse_cg_rmse": 9.354936541512558,
    "tikhonov_lam1e-05_rmse": 0.04248342805622795,
    "tikhonov_lam0.0001_rmse": 0.04270228901132953,
    "tikhonov_lam0.001_rmse": 0.04488009236465058,
    "tikhonov_lam0.005_rmse": 0.05414207209809388,
    "tikhonov_lam0.01_rmse": 0.06460656544153068,
    "tikhonov_lam0.05_rmse": 0.11912449311413514,
    "tikhonov_lam0.1_rmse": 0.1541229935640624,
    "tikhonov_lam0.5_rmse": 0.22186084770151426,
    "tikhonov_lam1.0_rmse": 0.23710690300597387,
    "tikhonov_lams": [
      1e-05,
      0.0001,
      0.001,
      0.005,
      0.01,
      0.05,
      0.1,
      0.5,
      1.0
    ],
    "tikhonov_rmses": [
      0.04248342805622795,
      0.04270228901132953,
      0.04488009236465058,
      0.05414207209809388,
      0.06460656544153068,
      0.11912449311413514,
      0.1541229935640624,
      0.22186084770151426,
      0.23710690300597387
    ]
  },
  "shapes_normal_ang_means": {
    "sphere": 3.4029057166584873,
    "cube": 2.0006793257679414,
    "ellipsoid": 1.317157296718926,
    "sinusoid": 0.011226249223522788,
    "cone": 0.010994095473216961,
    "saddle": 0.0113766091735546,
    "peaks": 0.011400912770892809
  }
}